-5.424549641158270319e+00,1.636104862399558657e+00
-4.291090870176655692e+00,4.262155215095718042e+00
-5.103882076286256009e+00,1.551641299736212787e-01
-3.231022134604033536e+00,1.898554374176712578e+00
-9.208831163003635689e-01,3.513817353731930382e+00
-1.950131753053193417e+00,4.310229935802096790e+00
-2.887707039560738931e+00,2.360637291345834665e+00
-2.209793068146913342e+00,2.889811094628841115e+00
-4.522046626390205049e+00,1.300762663076592718e+00
-1.402034252482730059e+00,1.832836559047374081e+00
4.892724951136371736e+00,6.206608411274439518e+00
-2.779518778121611078e+00,1.393398780734052211e+00
-5.877254409421222903e+00,-7.241202985863726127e-01
-1.032936743725323403e+00,2.767057632672720313e+00
-5.309084697912311412e+00,2.936579555541826814e+00
-1.530716220972694330e+00,3.223215093905257067e+00
1.963777153849234125e+00,1.906989279406186455e+00
-2.248276340483494895e-01,3.504261118430132882e+00
-4.468226487564704641e+00,2.972089168056689878e+00
6.030755488808070552e-02,3.085024066832616985e+00
2.119621477524094022e+00,2.628535027888117881e+00
2.311263009431089532e+00,6.657045585856802283e+00
4.118655263323545146e-01,3.071577880140467176e+00
1.702468499110755928e+00,5.030285715881836595e+00
2.984413981186830434e+00,4.401157567343982890e+00
1.001587254756034717e+00,4.282369059052937743e+00
7.222265536862999546e-01,2.330172953446461470e+00
-1.109382952097259567e+00,3.456514098869072349e+00
-1.285874742689376404e+00,3.235954675356613297e+00
6.816413120603816989e-01,3.271580927693825469e+00
7.723949290844018822e-01,3.312907286235410087e+00
1.678158448679479609e+00,2.086863679712777753e+00
-1.261921486068126708e+00,2.420792921537985087e+00
2.743956271939238079e+00,5.092980602491818942e+00
1.168895528971350295e+00,3.959243760179381511e+00
-2.813606794357311536e+00,2.399892348579873769e+00
-3.239274983642658867e+00,6.257734951030466952e-01
-1.687681019520857806e+00,1.912848267882137909e+00
1.342057669351266913e+00,3.291947484417466541e+00
-2.711100980333044363e-01,3.367717874357118113e+00
1.439785999574696884e+00,5.065976327737543805e+00
-1.487875607518955867e+00,9.980938739923166381e-01
-5.378261639961068319e+00,3.407636982234982792e+00
-3.771298320540741322e+00,1.641295593027998212e+00
1.148257294634688730e+00,5.125204348441679159e+00
-5.329980739897057784e-01,4.625622017355606630e+00
-1.907357411230660826e+00,3.768364058406852291e+00
-2.153016778306509060e+00,3.350206771017545826e+00
-1.765081071647137900e+00,4.775370473185014397e+00
-1.472902341702753359e+00,3.275077270741081570e+00
-4.988067870889126176e+00,-2.309097581987007430e-01
1.665684850296937913e+00,5.239881706643744863e+00
1.027096179752299054e+00,6.116744590763453004e+00
3.081704731649046458e-01,2.666164169318989696e+00
-6.255642025892260705e+00,2.557572764954038735e+00
-5.883982156366584171e+00,2.038485697848814837e+00
2.880079205359731276e-01,5.771290638153736552e+00
-6.853709494393691593e-01,4.070459766747775099e+00
-3.222661264721044638e+00,1.897737939135417662e+00
-2.864509254936843607e+00,3.308127301220446181e+00
-1.453384904595740323e+00,1.524173678260176246e+00
-2.269417672333816860e+00,4.028147722480974302e+00
7.388158029551010753e-01,3.544933319403694938e+00
-7.154365104595810099e-01,5.284417280200978340e+00
-2.791839339012259114e+00,2.735167079228674858e+00
6.353775002831421048e-01,4.309165265737133765e+00
6.147984059750277730e-01,3.706163218931727510e+00
2.548803811964801547e-01,4.312279373325380583e+00
-2.305733199825724444e+00,2.215110427807064131e+00
-1.503283875074356679e+00,1.510931778607849107e+00
2.418212303443767475e+00,4.930649293970142288e+00
-1.665424046710473505e+00,3.468357941519577103e+00
-7.144636649469717327e+00,1.561334712126471125e+00
7.410645007819240959e-01,5.029838513540012102e+00
2.368076120781051674e+00,3.854322805696812626e+00
-1.544939983207561429e+00,4.781584326973997712e+00
1.140319243212469580e+00,2.918316283389425614e+00
-4.874928757310079686e-01,2.434974238063325025e+00
-3.272617445808083669e+00,7.934325695300699088e-01
1.951585383460802348e+00,3.709648607666668596e+00
-5.968816487613359811e-01,5.427564504509289733e+00
-3.328369500063725894e+00,2.138130434459429630e+00
1.608716452982267509e+00,5.069798495231715663e+00
2.054598596008851530e+00,2.455444250611953816e+00
-3.999439565553444265e+00,2.128912819572547299e+00
-3.355171177954933359e+00,2.397868829162201898e+00
-2.798908453715003297e+00,1.492143794797161860e+00
1.214557401911939394e+00,4.715837360066091222e+00
1.225223377265586944e+00,3.113859886423640866e+00
9.251264336628484131e-02,3.473011662542400124e+00
4.241403748818308728e-01,1.979042617835465423e+00
1.474796017386522884e+00,1.420215250608464430e+00
-1.845848240036085608e+00,7.727108933660651324e-01
1.644609752794891300e+00,4.156548418689425262e+00
1.463254437600887137e-01,5.282577591798048644e+00
2.010616593734160684e+00,4.559907779072631229e+00
-4.213227185827128629e-01,1.871189320486298380e+00
-2.192244793761459754e+00,2.305177008245998138e+00
-3.204373805293801336e+00,3.051713602750063536e+00
-6.776121570513732983e+00,2.173292000155701231e+00
-9.562097955860493492e-03,3.129802660366517220e+00
-3.926232234580877112e+00,2.555604134835484320e+00
-1.875649088692694644e+00,7.429124295915738863e-01
-6.355691285125719681e-01,2.286295215193247188e+00
-1.635142540909719555e+00,2.621925011313803733e+00
-3.328762351067094727e+00,2.407039307098709724e+00
-2.705166514978850856e+00,1.747252941155080563e+00
1.449943104141753203e+00,3.534396562715702128e+00
-1.115958877082719125e+00,3.396172149416522235e+00
-6.436950825023686207e+00,6.984338976485049422e-01
1.451165728901028906e+00,3.609963224793390602e+00
-8.021646701617968223e-02,3.945077448419556543e+00
2.693609073155641020e+00,4.604059008644957096e+00
-1.474012740676062139e+00,3.075674498234900245e+00
5.405989619594817608e-01,3.359394339229355708e+00
2.642326946387919318e+00,3.930741025620337670e+00
1.382499661020004655e-01,3.958911522278143025e+00
1.467688458853572353e+00,4.937380533531905868e+00
-3.750588984798224335e+00,-5.644695695049009032e-01
-2.309464097513282965e+00,3.250649304252144489e+00
7.034644856905105659e-01,3.240165211223431374e+00
-5.558488864143947827e-01,2.835089698185227380e+00
4.402468079935462075e-01,1.633009162717145912e+00
-4.229167155061816175e+00,2.927287027253700380e+00
1.571047870489982401e+00,2.346939931401689439e+00
-2.019462705460668417e+00,1.903147153734175312e+00
-1.210435090878157594e+00,2.538718419534125026e+00
-2.957296749489607635e+00,3.003210392585819122e+00
1.324755143931869661e+00,2.342233423068529330e+00
2.568723930228412389e+00,5.193317776442286871e+00
2.080090351478018018e+00,3.682042903485341689e+00
4.614035261128184295e-01,3.543746742180962084e+00
3.596398312746013737e+00,5.125058402640336297e+00
-2.301410442613298635e+00,2.564531063210455653e+00
-2.897988577772234731e-01,3.408286337967254997e+00
-8.149375770105022898e-01,-1.716391020667797918e-01
-5.883571966239814266e+00,1.434181014437231783e+00
7.369918380655899881e-01,3.261455207199419171e+00
-2.143906268993633901e+00,2.390154283616444886e+00
3.047365040421005311e+00,7.095177329140813782e+00
-1.155700619271351037e+00,4.130713368948272013e+00
3.436791557187923729e-02,5.228426902030188117e+00
-1.943486190830654881e+00,3.322500145583171083e+00
1.021792047677243076e+00,5.256398655829655375e+00
-3.204610732801301154e+00,3.612028065030209678e+00
7.155854611802276999e-01,3.147060441180791202e+00
-6.123074008025066739e+00,-3.639325204054890683e-01
-1.142704210156699762e+00,4.272841063281015650e+00
-1.477396262828793327e+00,3.485228712038437759e+00
-1.889269036592587936e-01,3.769504917110393816e+00
1.467414629379252045e+00,5.964657531353504183e+00
-4.329877227396713435e-01,2.437985841131719678e+00
-2.417954689987442674e+00,1.872897130579532332e+00
2.779013552958335964e+00,2.987540965605198551e+00
-2.608819072160169839e+00,2.146653409163600479e+00
-1.123631982536984042e+00,4.211445365644701511e+00
2.023054784893469016e+00,3.396148055891919260e+00
-1.098996527175845062e-01,3.479231398498349392e+00
-7.793565443902888967e-01,2.755284258900671190e+00
-8.067734035064335618e-01,2.954321125804472814e+00
1.074031396358269941e+00,2.906611399997715672e+00
-1.293712003610899774e+00,1.834568559280532751e+00
1.923458449062673825e+00,3.845063008065160659e+00
-1.554123630345378704e+00,5.414390513462024934e+00
3.105855782439379542e-01,4.647961000825728384e+00
-2.311395084723323556e+00,1.063866710591632181e+00
-2.376418407791717868e+00,1.042866382404082692e+00
5.168663911536487632e+00,6.265491762356122152e+00
3.052311690757126605e+00,5.206825045243634875e+00
-3.606006110072879078e-02,5.343561693927088463e+00
-3.391811334409165379e+00,1.478104796832603096e+00
1.163474215388046407e+00,2.473760207934561972e+00
1.806084472292679433e-01,3.160567137108082569e+00
-1.844607611496426047e-01,3.521397399664049299e+00
-2.541506064172226687e+00,2.771132959264295259e+00
1.440359353012943266e+00,2.326352450104865355e+00
-4.008692091171354832e+00,9.460189673475909444e-01
7.906597373313195565e-01,3.131104287633908356e+00
3.647546819320402811e+00,4.365095546116162240e+00
-9.896924925548356011e-02,4.100014112351460405e+00
-2.687786675513115231e+00,2.305313739978933185e+00
-3.390499089884501771e+00,2.408116609686957954e+00
-1.028798663359447696e+00,3.176610279900777822e+00
-3.761697262728930236e-01,2.795803979547949236e+00
1.136035278769409462e-01,2.139722205423959966e+00
-1.265680899669667347e+00,1.726434683754123567e+00
-2.928548485090783693e+00,1.908910155765414451e+00
-1.324045346303236670e+00,3.444341794630865650e+00
-1.902524989189077198e+00,7.860621263036198236e-01
-8.650723815987446663e-01,4.087082588244753900e+00
2.939173274267091962e+00,5.085386294827317855e+00
4.868949955679557462e+00,4.233057385766586300e+00
-4.070285378044559144e-01,1.304654345837858553e+00
1.988887410448313187e+00,2.513675730220564120e+00
-5.046975069597297470e+00,1.516092823279773905e+00
-2.277324835958146387e+00,2.210034621632176233e+00
5.228252533881727615e-01,1.736957560106166865e+00
1.997812092694695174e-02,2.530345150936239573e+00
-3.543871442729728649e+00,3.283177942365236746e+00
-4.893772801379220994e+00,2.385973223887053685e+00
9.074981194835749498e-01,2.482756950962591969e+00
-2.998469968072818403e+00,2.589629635827202403e+00
3.122384133471618028e+00,5.124020243420799758e+00
-2.990832580481789016e+00,2.244405766693763571e+00
-2.187019604815056972e-01,2.377405183392986121e+00
2.160749425573205595e+00,5.246832648903415830e+00
-1.570266575333448822e-01,3.075647783228016241e+00
-5.466688631191850334e+00,1.951779919940056507e+00
-1.954094673763614232e+00,2.771236803906133694e+00
-5.381869420441677931e+00,3.199594446650420920e+00
-3.485189168533146198e+00,2.652719479918395962e+00
4.005571847455932755e+00,5.218324985439651620e+00
-7.248107284667577588e-01,3.224060183579272820e+00
-2.141903214783088760e+00,-6.827232545120738294e-01
2.626428363501724927e-01,3.839216408410946357e+00
7.139665774802959053e-01,2.049939432926503713e+00
-3.212547533714811276e+00,2.407908418949332496e+00
1.214052268670734680e+00,4.285921774960308461e+00
-2.985675654560612458e+00,2.183706934249564746e+00
-2.965150831947317212e+00,2.277695371730664498e+00
4.344148725535244004e-01,2.235808466254441740e+00
-8.730235469638847334e-01,3.280223705017384361e+00
-3.066768256816972738e+00,2.009059769925442218e+00
-1.704743581663294538e+00,1.577972380045280953e+00
9.351586671052134481e-01,3.672239856800637803e+00
1.206340562290242335e+00,4.874876301309694959e+00
-2.233700772999538842e+00,2.815965435073846113e+00
-2.655330588754348131e+00,4.682139436268852428e+00
1.043805118722878067e+00,1.267422902466238455e+00
-1.460192565360650008e+00,2.750096262141868753e+00
6.548460942171054899e-01,2.538689183151633610e+00
-1.481553677455549334e-02,3.620527951019969493e+00
-7.853641345849888822e-01,5.915270380186286481e+00
1.647382673044627932e+00,3.167387018925476916e+00
4.421049284294545245e+00,5.540104455036065190e+00
4.091485653521901966e+00,4.476951994425259151e+00
-4.049350766801251833e-02,2.565942568713668770e+00
-5.609901644381314334e+00,2.255521713860987099e+00
-3.819168295057123963e+00,7.984443051485059506e-01
-3.930117415890405752e+00,2.367406881829393406e+00
-3.288746227906220732e+00,3.258032880105921070e+00
1.369706666743475854e+00,3.484445624981152179e+00
-1.982497544590928085e+00,-5.182151043033833560e-01
-4.882611984046509868e+00,2.039803981634378260e+00
-9.809981399416134451e-01,3.266211616417407981e+00
1.631435017006386712e+00,3.679991918719871968e+00
-4.193979676994127104e+00,3.197737634105846993e+00
-7.478640075528289799e+00,2.298512811560047275e-01
8.028901869269262637e-01,3.144319000865015035e+00
1.490018998188442634e+00,3.940187119346514333e+00
-1.909814206292709482e+00,2.583025289455777695e+00
-3.549800062432343584e+00,1.669437352989664669e+00
7.958936401291105689e-02,2.766182175638238316e+00
3.590919069693256027e+00,3.064866801926041884e+00
1.307669910588690865e+00,5.480586002302448634e+00
-3.730878256740343790e+00,3.479703793503059472e+00
3.031674490205443995e+00,2.363586964808482183e+00
5.206903250203236411e-01,3.835875273430111143e+00
-2.638029105102212668e+00,3.549281881058225174e+00
-2.408148880441483008e+00,4.458389109848416076e+00
-8.437255035933421965e-02,2.309526462906524635e+00
3.427043810239718269e+00,3.792246857398984261e+00
-1.216404481352822531e+00,1.869161781661246247e+00
-3.846501650273592698e+00,3.475585242502185146e+00
4.362786662353955514e+00,6.233639205724251120e+00
4.240576138868613398e+00,5.641103113752024001e+00
-3.983963407078138896e+00,1.839985542149916276e+00
2.331936502219954743e+00,3.694257968926467406e+00
-2.928437553140434968e-01,3.079400661920957738e+00
-4.646487577972906458e-01,3.093014061457353137e+00
-1.014778830871896353e+00,1.577946297356610073e+00
-1.044596812349868342e+00,4.760281000225925041e+00
1.124591265109757821e-01,2.940809329987320364e+00
-2.542949556124026955e+00,-6.373819700583340797e-01
-3.590357134847270260e+00,1.186717640706546728e+00
-1.435656194844221023e+00,2.932392783468610098e+00
-3.164477942415670153e+00,1.789937134544258512e+00
9.931370913499582009e-02,4.975871572215549321e+00
4.699197799307535561e+00,5.384507998846423504e+00
2.569633862537005875e+00,3.586352034372561892e+00
-5.837131127343980985e+00,9.441478920810055797e-01
-7.329924114174793948e-01,1.023367447143027853e+00
6.786527616711537370e-01,3.925602059523480847e+00
-2.111983611345427558e+00,3.262128861280060299e+00
-1.239121881151214577e+00,3.518376309537083024e+00
-1.337623153984473401e+00,7.164776763597848763e-01
-1.407415307582730257e+00,3.730896685822553849e+00
-2.273380609508651062e+00,2.046261369294690713e+00
1.408174406726386607e+00,2.687314583217736086e+00
-1.152944681299032048e+00,4.264133891101133500e+00
3.985408037044114948e+00,4.291912371752104605e+00
1.426586495132890597e+00,4.924759976667274053e+00
5.331663191936275581e-01,3.083671968416509479e+00
-6.607253310179994621e-01,3.662342820831446133e+00
1.209064607285583737e+00,3.462459433497109274e-01
-2.493528484318484395e+00,2.895731066284522814e+00
-2.095840151403560725e-02,2.135504407659278847e+00
-2.006356815504280355e+00,3.027455422854228306e+00
2.245328746832273570e-01,3.253301412125336078e+00
1.319570467558209614e+00,3.751567410436992489e+00
2.570208436896838311e+00,4.967748166115317332e+00
1.181281665349952270e+00,4.182471638656606316e+00
2.638704620148694335e+00,3.815905270398360027e+00
-4.537059468460624689e-02,1.449789593196664894e+00
-1.120943494327657275e+00,2.505704563979985089e+00
3.746240787053649157e+00,3.439113443696915517e+00
-2.831840548935276480e+00,3.290435901469157098e+00
-8.492022049268999062e-01,3.536670451820464578e+00
-1.676940476067122932e+00,3.105779418814827331e+00
-3.480420855873259889e+00,2.070175947054351262e-01
-2.474887384131952750e+00,1.941530312060556485e+00
-3.333951018682513867e-01,2.922009203796570365e+00
4.135923496956004364e-01,2.148950924878265223e+00
-2.134747247496299849e+00,4.487603833531255582e+00
-8.639091972503013528e-01,3.054747977713661466e+00
7.079462072695963393e-01,3.569824490738552125e+00
-1.972065867748495904e+00,2.163591133261626442e+00
-7.145777119230878327e-02,3.857068581215247871e+00
1.111672038231628523e+00,4.170501396895917701e+00
-3.543741138551951497e+00,3.539626744418062021e+00
-1.348275856829441954e+00,4.457979247083660113e+00
-3.084641590347287909e+00,9.693774731474156248e-01
2.066683747654623815e+00,3.912974873738730874e+00
-3.454127762114817646e+00,1.898777499845140770e+00
-1.928445552379236538e-01,5.152900737706349155e+00
-7.314270842454921873e-01,3.925012362059123738e-01
-1.981101360986646798e+00,3.202879988278178658e+00
-1.730944324492264208e+00,3.224103445760888587e+00
-2.914848627377091272e-01,1.748879739278247802e+00
2.866455195144579360e-01,2.425088207664162443e+00
1.775015797422377251e+00,2.669672561692102875e+00
-2.132955215410488936e+00,2.645407052772980716e+00
3.509314729987897952e-01,2.798827434950320381e+00
-1.390468715010058753e+00,4.102617833133940906e+00
3.682497396002350598e+00,5.381092236349807933e+00
1.098086265269970774e+00,1.661126129038335231e+00
4.075430074506715350e+00,4.032919589028667318e+00
-1.692754944786778015e+00,3.173553378187046192e+00
8.456381597156301666e-01,4.956002564091029683e+00
-4.599450491685320941e+00,1.973103088440453678e+00
-3.797733457071872376e-02,4.715821852318478946e+00
-3.182978447314835257e+00,3.112011715691579194e+00
1.758954426692095119e+00,8.219091696968297001e-01
-5.443137910732605889e+00,-7.276694249336093101e-01
-1.899785248847036812e+00,5.416513423079971190e+00
-2.191273651785553334e+00,3.618669717283861331e+00
3.363439935897321043e+00,2.724729614648007114e+00
-1.657450280465675441e-01,4.623452526414054020e+00
1.650692538164046930e-01,2.551613126575811297e+00
-1.926087557393768135e+00,3.883967928532297442e+00
2.989817551422639497e+00,3.234397204950020477e+00
4.506019497633997339e-01,4.883307629221457447e+00
-2.450076172400901697e+00,4.897331884621711318e+00
-3.246243073494496922e+00,2.028459097299213809e+00
-4.141773005246472295e+00,1.946419174643111871e+00
4.201758870710043947e-01,4.384896196752547048e+00
8.013676692200901730e-01,3.405929553057216452e+00
-4.163598827257523283e+00,1.570935817824617331e+00
1.131289799136895979e+00,3.338803695906137126e+00
-3.237950848941348880e+00,1.425668740994597616e+00
1.453590188903668423e-01,2.876578107217018232e+00
-1.284360335999020553e+00,2.430584745284082082e+00
3.234656692518783849e+00,3.714655107127497580e+00
7.369522034351496664e-01,5.176108425961593262e+00
-3.205219493826428678e+00,2.774585337290783382e+00
5.579548241609468828e-01,2.689566775270439081e+00
6.609588815315625698e-01,2.455637499105683297e+00
-6.098732374687408253e+00,-1.742522039958409152e+00
-1.829558071263341024e+00,1.151439166933663882e+00
-3.388487234562838069e-01,2.116341549000958722e+00
2.315332584283820161e+00,3.037432661547669888e+00
-5.181825765981837861e+00,1.112025423948349134e+00
6.183541243345427318e-01,4.321489158560959609e+00
-1.323233204073023028e+00,3.709684444775353196e+00
3.278388305196910935e+00,5.127860560399831513e+00
-2.177193807912629175e+00,5.657068717830546767e-01
-2.784620545959179516e+00,4.247986288404847599e+00
-1.304367810384817750e+00,3.836263640379513618e+00
-2.325841820302114726e+00,1.621923852178513314e+00
-4.469349285642254532e-01,1.393238554551902597e+00
-2.050964967737167743e-02,3.716991012068762146e+00
-2.755913695016984022e+00,2.301511631510113176e+00
-2.281355774567937367e+00,1.177110056901464974e+00
-7.624668430527711260e-01,3.120976659067948855e+00
-5.376597538974367652e+00,9.362420971202789488e-01
1.958887688061197174e-01,3.520367861837731649e+00
1.139094885482045072e+00,4.111867293935159928e+00
6.233134198522225500e-01,1.573727668505074506e+00
-7.270288975361661743e-01,2.741043457203661493e+00
2.968826352726183782e+00,4.565289147453461815e+00
-4.811554445493169574e+00,2.031947786201233175e+00
-1.921656790260861669e+00,1.046576081685799853e+00
-2.212824340061874118e+00,2.671551212457855318e+00
-2.452286696454734738e+00,2.893583383374394025e+00
2.299949847005396286e+00,4.318379913945846305e+00
8.504076208777489043e-01,3.707786766140344081e+00
6.228744623299897754e-01,5.209871294042827117e+00
1.446096822883283117e+00,2.960030231978806547e+00
-7.339184716795460472e-01,1.848314524052451890e+00
3.690104967653229373e-01,2.594698704894903951e+00
-4.732361337922482925e+00,2.374631762941560531e+00
-6.992089002556929334e-01,2.666252466291378465e+00
-3.439417091781636238e+00,2.464286465747774546e+00
-2.191555690221002273e+00,2.475755357972892590e+00
3.122332764733081412e+00,4.575764045211879960e+00
1.835374203411821448e-02,4.177545192668944196e+00
-3.170271478601537574e+00,1.330206522244642198e+00
-2.849806608486994186e+00,4.267493763408660712e+00
-8.467368981796896676e-02,5.349634460643696521e+00
1.048814073165145633e+00,3.875545602778598830e+00
-9.778551130090307186e-01,3.022644511711903625e+00
1.267209749101346983e+00,3.246494938143515974e+00
4.765870297952754520e-01,3.994682881763856663e+00
-2.718791580803654462e+00,4.895909217227946364e+00
-4.098676267274409923e+00,1.119167751570399494e+00
-2.197324423388111292e+00,3.672248364995573056e+00
-1.045032853053618149e+00,2.899756597214546705e+00
-1.483750668295349628e+00,3.815701686038538654e+00
1.182923622231984329e+00,3.522651053985058844e+00
-2.264731679477318238e+00,2.841013926707673498e+00
-1.425227289691652466e+00,2.390616073839805455e+00
-4.231786260350556717e+00,4.161332458061999695e+00
-1.901157387075210536e+00,2.400407804773953657e+00
-2.601202405019909847e+00,1.705127074352467353e+00
7.963227695358181535e-01,3.782499092316608635e+00
5.713404551097632122e+00,4.428846269317936013e+00
4.006462519620386242e-01,1.994572997773132794e+00
1.673928066398008951e+00,3.595894764434122592e+00
3.134669539457916265e+00,4.236893497270777686e+00
2.817333088808828823e-01,3.560675372917860848e+00
-3.857900408773704992e+00,2.018320385998846334e+00
-1.092043602515574641e+00,3.078392435688648288e+00
-1.127827784040024817e+00,1.755868576269102865e+00
-8.507968060808229760e-01,3.423526566607411503e+00
1.950742159675526999e+00,5.236412905358913683e+00
-3.349148191041741551e+00,1.287247977092421447e+00
-5.360068042373544728e-02,2.363147448643031723e+00
-2.248881184584067050e+00,1.239397228966273801e+00
-1.071167097491378950e-01,2.363557102435248858e+00
-3.798204083637303219e-01,1.154816451498989816e+00
-3.802808623708497482e+00,7.089319334280426155e-01
-1.056568628832665890e+00,2.727582272113414863e+00
1.207637763764690675e+00,2.874334375286563326e+00
-3.042938601034100188e+00,1.537960863345600782e+00
-1.322671857332468059e+00,1.927332929968314401e+00
3.668230157244731782e-01,4.119428581935609124e+00
-3.173586378308302258e+00,1.894275101561863517e+00
1.605237733463920069e+00,6.419875951390441315e+00
1.706439365307848011e+00,2.314961908562422455e+00
-7.096139370594328533e+00,1.543118380910701859e-03
2.812024901033752133e+00,3.778292921472726551e+00
-1.966161500989729083e+00,2.822766661571670443e+00
3.012593438482511488e-01,5.674452797381549729e+00
7.499179853797977024e-01,2.336893087581821682e+00
-3.869834888128952599e+00,3.368369448079022277e+00
1.554059977783192714e+00,2.416145804576916412e+00
-2.639668833287692529e+00,-7.776188047356624722e-02
1.560597329799456201e+00,5.194067809446850426e+00
-7.570406984485523738e-01,2.791415199429701843e+00
-1.788493398212939844e+00,2.494408969960212996e+00
1.606739382994288867e+00,5.574762068169277995e+00
-4.283918429527959759e+00,1.880318510891144212e+00
-2.078067477698345655e+00,5.294490790588047169e+00
-2.251117701218523504e-01,3.016855863181798103e+00
-2.489377083998585594e+00,4.106840706901832228e+00
-4.738184466166893927e+00,1.148656613905744805e+00
-1.173556613558368600e+00,1.313585286976577837e+00
1.012366290070738639e-01,2.471685712436906712e+00
7.341749893793343418e-01,5.688408468566311882e+00
1.132947581155709482e+00,3.260680753794690467e+00
-2.420813932737579055e+00,3.931976479056726870e+00
-3.304476974822069479e+00,5.278239987632746377e+00
-9.268994125831444553e-01,3.333384418480895395e+00
-2.259775803614735956e+00,4.159448712805097870e+00
-2.176439236881817951e+00,2.376531348503235552e+00
1.186188021325357056e+00,4.191932050868512505e+00
-4.213159992582398594e+00,1.188273375050169722e+00
-2.378940609733421141e+00,2.717204170268261887e+00
-2.751380956897266028e+00,1.331726600980815967e+00
-6.135461208208488060e+00,-6.258081375548201208e-01
-5.060522540195968588e-01,4.303643630891683003e+00
-2.060168773114629648e+00,3.533252986586989497e+00
2.286822213849304397e-01,3.421297351302221568e+00
-1.679539236020705761e+00,4.557027630897086290e+00
-2.996835506570596053e+00,3.106243083981622188e+00
1.870497664008217154e-01,4.626808731099846028e+00
-2.120005141471342114e+00,4.163563652109123936e+00
-5.735304796537129768e+00,6.791740690545271519e-01
3.388016817702563799e-01,2.542258139342693291e+00
-4.951282734086328574e-01,2.761554062765937179e+00
-1.808038860934067182e+00,2.495928783495253711e+00
-5.679877138776204815e-01,4.426184416909471508e+00
1.084843985760510332e+00,4.370988184302795787e+00
-3.200132355614649926e-01,4.130310232058447717e+00
-4.218769806230891817e+00,1.311640199853696620e+00
-2.138806056033912384e+00,2.737759958460028287e+00
8.302389468566322428e-01,4.040209909285035650e+00
-1.869015338341182719e+00,3.123750315167362235e+00
-5.600384207967674666e-01,3.292591197130192437e+00
1.918913614308558113e+00,3.789496869363278897e+00
-2.711887429725240661e+00,3.336511207621732034e+00
-2.381579516756504589e-02,3.527028853558554999e+00
-1.634025156929988398e+00,2.973426621580365747e+00
-1.552470511853312196e+00,6.411487843160403877e-01
-9.799321203975807082e-01,3.288357671394337434e+00
7.216235122348957365e-01,5.674316055964415462e+00
-2.037622022962877644e+00,4.401845477790761407e+00
1.284307416156125203e+00,2.883222900307750525e+00
-8.460572663661207748e-01,1.097059416205661719e+00
-1.559242368752162600e+00,2.882253641376824493e+00
-3.742413728825235708e+00,2.685376059622995637e+00
4.624774791409647090e-01,2.319980695114789881e+00
-4.805765703811722744e+00,4.955797580915533018e-01
1.973481658522791005e+00,2.960668497608021088e+00
-3.482478143889220501e+00,1.363794480038483359e+00
7.625705509844233898e-01,3.891394292083948159e+00
-2.195149366699167270e-01,2.528849249771044416e+00
-3.261564550526188544e+00,3.311324025119514847e+00
-3.696435421750662087e+00,2.781602160721331707e+00
-1.236427122971981651e+00,8.214864689081360360e-01
-5.155015962377942351e+00,1.632738403980583675e+00
-2.930052011257664457e+00,3.506805895346760238e+00
-4.633725182873324577e+00,1.985045508427200511e+00
-1.803294622184044904e+00,1.965229563244627053e+00
-7.260805472917373216e-01,2.112748988046885490e+00
1.108220833227035573e+00,2.826366129827703855e+00
-1.057873632929821728e+00,4.205117078917297135e+00
-8.733903623557232265e+00,1.852486425773269829e-02
1.731383912739867359e+00,5.613396417612376510e+00
-2.104470229302712880e-04,2.640175282499035436e+00
-9.927379207088740110e-01,1.549525922520717414e+00
-1.500467247387100578e+00,2.689161312792238245e+00
-1.395493062274780538e+00,3.283038347393695044e+00
-1.169708178808682053e+00,2.948845826872085851e+00
-1.858460540922777238e+00,3.131086107173182143e+00
2.082540718465548668e+00,2.601491201629809957e+00
-2.577341072636102348e-01,1.628902562238107032e+00
-1.600161351776546503e+00,3.851215404760639061e+00
-2.031530834029487309e+00,1.344717921258481219e+00
9.408704297822116924e-01,4.188563746958274159e+00
9.998152151171191271e-02,3.084642510081403444e+00
-2.032112184116563469e+00,1.415806825294393834e+00
3.000712909737004441e-01,2.601152233826581561e+00
1.873350791230156798e+00,3.186051309364191120e+00
-2.657003065361880800e+00,2.374358220136009834e+00
1.218206933789340418e+00,3.648059021242078703e+00
3.260178937333537696e+00,3.905494499538512798e+00
-6.152151768956128031e+00,7.601816154669620573e-01
-2.739254731505498253e+00,2.202852697825124384e+00
-2.115285385820627084e+00,3.315088854437365118e+00
1.679594588302765423e+00,4.073680340252511911e+00
-4.482210648811788545e+00,6.256342555302203401e-01
4.949566772582698615e-01,3.258748576365217531e+00
-1.866909664320982376e+00,3.255893790469635896e+00
-4.266701348857049325e+00,2.232086578650002373e+00
-1.371754604489217932e+00,4.321220255409147448e+00
-2.080343638473303614e+00,8.002094616014017170e-01
-7.832317912741404875e+00,2.243553147840734674e+00
-7.504304315095532418e-01,3.546124324505548930e+00
-4.125956951900986880e+00,1.503440457307278155e+00
-3.220756582090348541e+00,3.374226683194456733e+00
1.699500492703421184e+00,3.412494054151579359e+00
-3.415352256651681628e+00,2.539406079338248912e+00
-3.175330715177100416e+00,1.943635425032334885e+00
5.255838769630898355e-01,1.290365735370860634e+00
1.747194357424136868e+00,4.193066521165937033e+00
-3.210678505882901490e+00,2.706621146971458280e+00
-5.778250183289956876e-01,2.856470407537005318e+00
-1.556714146524130093e+00,2.861031548453872198e+00
-4.451530584354211229e+00,1.741895255538537635e+00
3.103154929585700827e+00,3.208687827164982131e+00
-4.181498842430489304e+00,3.100802015863393102e-01
-2.734496492818355939e+00,1.967129811757085012e+00
-5.346076067537779419e-01,3.035625511134065313e+00
-3.868806433229172281e+00,1.585773211996836851e+00
-2.854805655156498201e-01,1.502515785445660779e+00
-1.718960045166217920e+00,3.324351995270056204e+00
-2.156376094328728232e+00,4.158750680432947711e+00
-1.257035950133237101e+00,3.243806101338785552e+00
-4.337803840112989917e+00,-1.985181996263269966e-01
-4.902745604527984913e-01,4.881984099818634348e+00
-3.541009923369113022e+00,2.742250950529387499e+00
-3.145671967547011949e+00,2.494415469656543483e+00
-5.095497609294726615e+00,1.746161742198445888e+00
-1.644933258899251571e+00,2.919091568230364420e+00
-9.863625275686913607e-01,1.650118763633746433e+00
-2.806539433435512265e+00,2.098887211753329041e+00
-5.367156687829265138e+00,1.102434431551170713e+00
-2.118332600367983432e+00,2.825683902085677879e+00
9.927174809646666098e-02,4.617693863627758688e+00
-5.593109553426582892e+00,1.080159139780137112e+00
-1.275223251990303952e-01,2.945450054530048156e+00
3.642218363454737151e+00,4.714548749614329459e+00
-2.042858093427570410e+00,3.803759809171958661e+00
-3.145240708548582287e+00,1.623453176413379495e+00
-7.972269920487212724e-01,4.400728300388326630e+00
-3.699599545268803524e-01,2.663434357317262524e+00
-4.791618981895281237e+00,2.645067217616361432e+00
-7.994167266614981004e-01,2.387430760447074807e+00
3.612845521382723746e+00,5.601583924819433236e+00
4.871477368375197514e+00,-2.693716528860829462e-01
6.081441811415806420e-01,-1.007472035297341639e+00
4.962293212730673808e+00,3.304496505723580890e-01
2.086493895623882544e+00,-1.202460812687345726e+00
1.015702983515078150e+00,-7.784790925548383811e-01
2.129944725999049826e+00,-2.436952720293949493e-01
2.450395049721548535e+00,3.000542929298906647e-01
3.597060512308556390e+00,4.314514540131801357e-01
1.782107863215861787e+00,-3.436627617812416657e-01
4.807351191065902363e+00,7.534355609647713781e-01
2.784617841029140450e+00,-4.295535329835427629e-01
6.851352582794176804e-01,-1.716307605752103838e+00
2.973271518645657530e+00,5.425046368319020873e-01
2.592263240593095208e+00,-3.575432471683651636e-01
3.943256160165591329e+00,8.020271525702500348e-01
1.414138971156595037e+00,-6.320329619874798244e-01
3.506765338295006806e+00,1.575039071204913821e+00
5.505289392365487089e+00,3.984655689032571835e-01
1.604526382974419629e+00,-6.983674134756235885e-01
4.113267131545713440e+00,-1.101214277373862988e-01
-2.323520704302000084e-01,-1.912631944869790379e+00
2.161448037321749727e+00,-2.872965721054335786e-01
2.226050860051044467e+00,-8.592527934081949093e-02
2.113821983329325693e+00,-8.203031659983475166e-01
3.967103359291515474e+00,-6.672243658237110298e-01
3.985906990106387937e+00,8.062990061368530137e-01
1.367008978546684572e+00,-5.740162627130708239e-01
3.879352541440875157e+00,-3.742790821501797982e-01
6.448485861194694024e+00,2.968065185568676601e+00
3.956719237637034592e+00,2.654561072211379935e-01
3.275598113002362144e+00,-8.508701490246441956e-01
2.823967977553444531e+00,1.361344652753457618e+00
2.187667428093590161e+00,-2.410393492496993029e-01
4.449126342684195379e+00,2.525681526099348595e+00
4.333708013171743367e+00,2.220927570676090035e+00
5.454493948641738754e+00,2.538018444063736556e+00
1.040806119080365910e+00,-1.809816696079351139e+00
2.240480794475960380e+00,-7.164076523142871855e-02
4.590938867585149907e+00,-6.959127809100701390e-02
4.637898100901413301e+00,1.405342176267256882e+00
3.300504096782173935e+00,-2.242669537214175557e-01
1.504276717355443882e+00,-5.552748831512186456e-01
4.430099270833155245e+00,1.112596839055747869e-02
2.454463428007167103e+00,-7.277373232034863859e-01
2.351285637430371445e+00,7.443207154069420017e-01
2.588772023850451465e+00,-8.806265122015666247e-01
3.088401951697264280e+00,-6.375016614893035394e-01
9.685271826067967105e-01,-1.663530092781321690e+00
2.614727916537145092e+00,-1.453043973933777419e-02
3.417181666064109891e+00,-1.165136659976230282e+00
5.137805315984112831e+00,9.925846338525010637e-01
2.605106980232461122e+00,-3.441597667901992730e-01
4.755530097431813985e+00,1.052896548476877775e-01
3.704913638407424159e+00,9.529281785758320078e-02
2.400168467210518131e+00,-6.078005152191731097e-01
2.363657500903641129e+00,-8.253196398980681137e-01
3.465382632260902707e+00,3.475178798246897349e-02
3.873722384459935331e+00,9.941654192765199127e-01
4.289310421930725425e+00,4.178429214360688260e-01
3.522184762426568305e+00,-6.198735634346267398e-01
3.678352048297550692e+00,-9.754969860781964597e-02
3.553720201311391769e+00,2.986776621089080597e-01
4.172493604356852792e+00,5.647464856609744066e-01
1.207154449088187809e+00,-1.126783236775638741e+00
1.311098982013582992e+00,-7.920552849145044982e-01
2.186096305982309307e+00,-1.065697523479207875e+00
2.812096728510534493e+00,-1.883717504815468971e-02
4.110560120184285182e+00,8.854412997687403919e-02
4.565049100259230386e+00,2.054262612102507823e+00
3.900984014144981860e+00,1.534925605854934760e+00
3.923690213115837544e+00,-5.576611558847180405e-02
2.348262604113990459e+00,-8.613836514102738429e-01
2.325720519000554098e+00,-6.585295381599466369e-01
2.653335131173634398e+00,-9.176790220908455087e-01
1.697191498404362786e+00,-4.506470283588884240e-01
3.407048711315879608e+00,2.171775138771778746e+00
1.512366566843928117e+00,7.447137112451434060e-01
8.587764457889366376e-01,-1.460545432609055228e+00
3.698535224678084266e+00,1.385882561205729890e-01
5.744908746362150431e+00,1.190893094581541245e+00
2.164542038860413964e+00,5.923316477581898054e-01
3.777031686054403092e+00,1.121083623862272116e+00
4.914553753434613981e+00,7.572728595742143076e-01
3.509079496397593090e+00,5.847649948409882059e-01
2.057883482799093944e+00,1.169221750896691087e-01
1.860023801385615849e+00,-5.278719871605118685e-01
1.946563839760922177e+00,5.030757521181733471e-01
3.451505068449132629e+00,8.419185498468114703e-01
5.355046012789468790e+00,1.754350301663810896e+00
3.664300505529604290e+00,4.124283645447851532e-01
1.514948079999386632e+00,-7.981918320249267174e-01
1.302788656000184675e+00,2.181851779223400664e-02
2.083963788896100233e+00,2.846696220995746374e-01
3.452140178062202747e+00,2.734731691030792278e-01
3.380439952787833491e+00,9.928923997686147640e-01
2.594862614492823294e+00,-6.189160825932801258e-01
2.448690529208093380e+00,4.160157390336073902e-01
3.362374713564606044e+00,-4.654801536555859265e-01
3.461963814456063382e+00,-1.153455792509261668e+00
2.078775615747667338e+00,-8.754603911464076127e-01
3.361420038556071521e+00,8.596000202667827272e-01
4.246334803150435988e+00,2.184927239939388866e+00
3.831011001276855232e+00,1.334289806261271527e-01
1.364135673906162749e+00,-4.961224991983340660e-01
-3.052032842124430267e-01,-2.196178098648571719e+00
3.646384419404543387e+00,-6.752984308108549438e-01
3.691506807700313253e+00,-9.677580665615496958e-02
4.184395759374924140e+00,-5.352297465377638952e-01
1.174652150755655766e+00,-2.157349687427246643e+00
7.243043771256604479e+00,1.758904382789880483e+00
4.204626600370827028e+00,-9.069973241625324534e-02
1.533101527384731044e+00,-1.006739139396931604e+00
2.766731406413533989e+00,2.993076561677852077e-01
2.288381739809420168e+00,2.711664862969773715e-01
4.704964260948155896e+00,6.559306778734773635e-01
2.906901526428268046e+00,-1.898999627218007857e+00
4.729996810749860892e+00,1.433188992351400515e+00
3.356846308267770418e+00,9.006650932110091823e-01
2.275542843700289808e+00,-1.318204575945536750e+00
2.049829234751899154e+00,2.858467699154673691e-01
3.114671546105179711e+00,-6.392988899151617055e-01
1.583161638759379430e+00,-4.139913219322558513e-01
2.020537679962687960e+00,-8.518095094781344412e-02
6.835497034881177214e+00,3.010506133948654739e+00
3.694476255501402129e-01,-1.308534355415182704e+00
2.508444651464029285e+00,2.021944016194852367e-01
2.322696003414943977e+00,5.494991497678187314e-02
3.247092850293632260e+00,-4.043319033906678239e-01
4.706663776530064069e+00,3.295474796002164086e-01
5.236761353041872624e+00,6.066345609587310284e-01
3.308046111152838087e-01,-1.101770903114561051e+00
3.987122675878971734e+00,3.264384699558962044e-01
3.058077341294530349e+00,-4.403875720466667865e-01
2.654412118181359581e+00,3.513774190754093141e-01
2.940017519208715679e+00,2.070585152646910454e-01
1.868270040075528549e+00,-8.971628752878868518e-01
2.708542241732238676e+00,-4.049067793360178746e-01
3.144777879739952819e+00,-1.464526972147891237e-01
3.671484502212275292e+00,5.412092940996776624e-01
2.172680074027998121e+00,-4.050154317647214897e-01
2.553329801204464289e+00,-8.121961857292728793e-01
4.521293707278529084e+00,1.243211058903757937e+00
2.037012881839891598e+00,-5.589353452363858832e-01
8.496587059619660209e-01,-6.695022277703814861e-01
-6.242426004082122226e-01,-2.385801035930989578e+00
4.615282445447943083e+00,4.605585977042160328e-01
3.623668984256143144e+00,7.313056747324363505e-01
5.541903358307798122e+00,2.528966061539480670e+00
3.409551589507664460e+00,7.381078709100453994e-02
4.522702551180148411e+00,8.580922104720878352e-01
3.021399331984193637e+00,-7.537266147336160738e-02
2.724908034112347277e+00,-5.984089393026601478e-01
4.054822007105237880e+00,1.050299558580875869e+00
2.800127891871401875e+00,1.973266609129204624e-02
1.874625345086860850e+00,-1.438456304688805254e+00
3.768642075970191740e+00,1.388470471504171577e+00
5.466467640362052904e+00,5.730172228992408412e-01
1.796913828079103936e+00,-5.704855759590587994e-01
2.884942336135932539e+00,-1.377040050108816194e-01
2.986892953898852010e+00,-7.502396865083456323e-02
1.263759338963631462e+00,-1.362327289152744481e+00
2.639059857076001769e+00,1.080670095093148264e+00
2.236910056217195741e+00,1.150039308464001042e+00
2.700192101773677411e+00,8.081936669894728142e-01
5.228463494953087043e+00,1.488895417544422672e+00
4.906460929000956206e+00,1.791789619051801230e+00
4.577167016741071848e+00,1.180913471693887384e+00
3.764732329814206579e+00,-3.688532979863909933e-01
5.394904915383859745e+00,1.108840007208891532e+00
6.995881753134640668e-01,-1.634962069489563907e+00
1.756087203598098556e+00,-8.102244564932643556e-01
2.386888609582583420e+00,-1.706252489402792394e+00
3.246460541700345814e+00,8.421044810155031701e-01
3.252792184197637049e+00,9.342072226416150982e-02
3.219023992871049789e+00,9.704372747748163386e-01
2.576202917533375825e+00,-2.299369454764283727e-01
1.923785484632563936e+00,-2.377667226459515559e-01
2.204738028692005081e+00,6.324852464990614598e-01
2.992624661696808630e+00,1.974794978311087135e-01
3.836172876196930925e+00,6.258483544815928168e-01
1.023640809269819263e+00,-1.688811158011743974e+00
4.236389830022371683e+00,1.488319209006560007e+00
3.173565385196638999e+00,1.770204450998723311e-01
3.036384929071623162e+00,7.997242016842386059e-02
2.101992921503549550e+00,-1.164658307397249626e+00
4.364979735688306661e+00,9.053368356935037609e-01
5.657206682728337377e+00,6.446622578968685957e-01
1.846146836785402812e-01,-1.189670861507224675e+00
2.611588708498391309e+00,6.594133091771782196e-01
4.534807637726105511e+00,7.192641951965196290e-01
1.852492951561842904e+00,-6.208750321490220242e-02
3.119729066770497106e+00,-1.772321434897658587e+00
4.177441904633967695e+00,1.074309374693856123e+00
2.664553913016051823e+00,1.638269220316289632e+00
1.543370111162694291e+00,-4.947765599517646717e-01
4.548817777765126635e+00,9.315774466174804314e-01
2.301572109985488002e+00,3.877305949562745435e-01
1.451588553091840650e+00,-2.064603219699031045e-01
3.812819893820990291e+00,1.528338585922403237e+00
5.074129126521506272e+00,8.925175768186039971e-01
2.455797128453769407e+00,-4.452384873754060557e-01
4.651628662344420739e+00,4.238717629463124026e-01
4.958140220150934141e+00,1.596699409850503626e+00
1.297595658803686325e+00,-1.125083895211237861e+00
4.029419589540609081e+00,-4.334889274672370507e-01
1.024589049485131076e+00,3.857355312941043723e-01
5.819515979205830192e+00,9.699274517216285307e-01
4.118737580828580214e+00,2.814168887444788991e-01
2.162583671983774103e+00,6.552691934643269933e-01
1.440358147985168369e+00,-5.805897385721362491e-01
4.360191645557625506e+00,2.718714084388831193e-02
3.593669731425647385e+00,1.491644439507953113e+00
3.230168263642765325e+00,-1.823937312777098307e-01
2.984983363466016559e+00,5.898394141607068430e-01
4.347262081895088670e+00,1.860619989887586145e+00
2.854923328665778026e+00,-2.468454147689604916e-01
2.319513104828532679e+00,-2.618892684940574700e-01
3.555856454566519442e+00,1.599331312690780993e-01
3.982612417501540492e+00,1.084183667272308638e+00
4.042933857212966053e+00,-5.019383988472627539e-02
2.339844264313709843e+00,5.576789851199229764e-01
3.264124741810116248e+00,-2.785733568004760685e-01
1.814808794196796082e+00,6.746155200995855861e-01
4.874191307235417270e+00,1.436000508939307974e+00
2.340317266283748587e+00,4.361973547734334655e-01
1.696795996404298457e+00,-9.410764785929964793e-01
5.056470640631209434e+00,1.856971631701235470e+00
4.457158725628866058e+00,2.127264479004513098e-01
1.715384250390139087e+00,-1.455707731746542555e+00
9.600272976375032741e-01,-1.016766993274923481e+00
2.460934824486606942e+00,-1.099196702231600153e-01
5.832280306158753369e+00,4.598236188326817464e-01
2.518759895245000102e+00,1.152587612098624897e-01
3.153228414623574505e+00,-5.021793965594001374e-01
3.000610470440024269e+00,-5.922400952803692081e-02
3.987955577196096613e+00,1.347284018257899119e+00
5.190226684562280646e+00,1.781380930712370247e+00
2.142948944305138603e+00,2.039119210384811864e-01
4.350743906244712633e+00,9.084822488541662855e-01
-2.034731594676375543e-01,-1.498830166941813591e+00
2.686377725360586055e+00,1.978943697413077518e-01
2.169521835245542096e+00,1.078516848408305639e+00
1.673958908716297156e+00,-8.817413701740189902e-01
2.779673546050803967e+00,-4.201006011734703671e-01
1.791655294721099745e+00,-1.768393013235159739e+00
4.734767946228968682e+00,2.131963855231656435e+00
-1.156766434536748989e-01,-1.585350632098445622e+00
2.631270317654457624e+00,2.496454529397800770e-01
3.834952374617644821e+00,6.404446647006278859e-01
2.742863694687993625e+00,2.963065982699289447e-01
5.309146589683999551e+00,1.058748754018695060e+00
2.056477070402396912e+00,-1.073976887087356946e+00
3.703735175019329695e+00,1.918584519345418737e+00
3.135636979882622466e+00,-3.367803852036529433e-01
5.092369079597236947e+00,1.823056346418480800e+00
2.134794516737682724e+00,-7.517879513728433771e-01
4.525066298234584394e+00,9.247066070917483449e-01
4.456561942117458486e+00,2.157337292706295595e-01
3.483677614028801273e+00,-4.649506330957950961e-01
2.462968095819220604e+00,1.098284449656484751e-01
4.600224700879662620e+00,-5.094995717325109634e-03
1.156595306640800569e+00,-1.822433069757607438e+00
3.839119734515983762e+00,6.733705478947178413e-01
2.258321239213159526e+00,-6.446078068119245330e-01
2.496059318913621539e+00,-6.027859660783612128e-01
3.873263303617467734e+00,1.575986260536491157e+00
-9.760999536006935706e-01,-1.225170922055922818e+00
2.209100644842586725e+00,8.432660795403303933e-01
2.665495821905027984e+00,-5.535037249225531752e-01
2.388753570253388414e+00,-4.463512393181753857e-01
4.645028595871085741e+00,3.640144686268694252e-01
2.496045098081916436e+00,-1.653045272183895076e+00
2.697960922153451069e+00,-1.370632206376776629e+00
6.517026388805153836e+00,8.376415875031165692e-01
3.567419074749840213e-01,-1.776195663189270801e+00
2.419684557809013370e+00,6.724944814700521967e-01
2.166339353135978030e+00,-1.526218371010911179e+00
1.744071260390213762e+00,-6.423911268577252587e-01
3.462386959709088163e+00,3.034192392201687238e-01
1.526357833423193089e+00,-1.554453273789550893e+00
2.451366025466001020e+00,-3.460908366891205512e-01
5.734252741601720160e+00,1.106990080652824560e+00
2.312532361040919415e+00,5.176958340549515647e-01
1.427739985799700406e+00,-5.378098452225005266e-01
3.536880777444434631e+00,1.640469134727785994e+00
3.030734891390142849e+00,-7.121721426981227898e-01
2.960538342699689629e+00,6.267739512150956038e-01
2.701355608471505132e+00,4.597725268743801941e-01
1.350755282844046334e+00,-7.282867148365244070e-01
4.136514495485427823e+00,8.008181603410965410e-01
2.333696286476348192e+00,9.390958440461718570e-01
5.282246581945446273e+00,1.312551713900586892e+00
3.695053381352386701e+00,6.730350981173226499e-01
5.992758564794707254e+00,2.659666621152814603e+00
3.580456572324058229e+00,-9.815119561472218646e-01
3.299165730832955390e+00,6.273316290897109626e-01
5.189393121564787492e+00,1.355460441142659844e+00
4.636138097876884245e+00,6.072421841820306865e-01
2.903591172836414547e+00,7.370047899777307232e-02
3.559284543676533019e+00,5.438550358546256902e-01
-4.035224848434218359e+00,-3.842447224861096355e+00
-5.445486163480090624e+00,-3.449032787924210197e+00
-2.202695267804593016e+00,-2.970656866476769853e+00
-6.683375218920635241e-01,-1.650911340413719008e+00
-2.752899896027575899e+00,-2.281269894200324444e+00
-8.319991326353242123e-01,-1.861638419333342176e+00
-4.096054862605759794e+00,-4.208034649178288511e+00
-1.480559949949500798e+00,-3.112198093887358130e+00
-6.364041704959864987e+00,-5.622163165645164717e+00
-9.490393006980948343e-01,-2.316468082924361127e+00
-1.846744205125563143e+00,-2.482971851699589561e+00
-4.039096344454828014e+00,-3.858941327823655953e+00
-1.258274209485740869e+00,-2.978013403847119989e+00
-3.043905855694881701e+00,-2.996228864739973741e+00
-5.137185699546773066e+00,-4.253686191153520646e+00
-2.522348624942269080e+00,-3.468139909934004450e+00
-2.436423419402482082e+00,-2.970260859133532438e+00
-2.178831765570465429e+00,-3.189429958612673754e+00
-3.694663811416835308e+00,-3.532818499950187707e+00
-2.167309749061820057e+00,-3.730696521091533491e+00
-3.837683668995027109e+00,-3.163879633144503600e+00
-2.166747400275937263e+00,-1.765656278880562313e+00
-1.114465482179912703e+00,-1.850564999844906522e+00
-2.198739088411676867e+00,-3.461777023665580710e+00
-3.814301822214678506e+00,-2.266276580713422639e+00
-2.942645643774755904e+00,-3.300958054201796443e+00
-3.649626476364249417e+00,-3.324681169617514254e+00
-2.899944249535103769e+00,-3.247336660482778914e+00
-5.105462896596037581e+00,-3.969680240355797807e+00
-2.237254689318754153e+00,-2.607066853848507559e+00
-1.782638687148804912e+00,-2.689578722012265111e+00
-1.749556518778120351e+00,-3.051309040442874210e+00
-3.975264856291088833e+00,-3.814200829701938300e+00
-3.544954077316083030e+00,-3.823675105905829152e+00
-2.685887059325210213e+00,-3.322468759063855082e+00
-3.909821932993158278e+00,-3.742788069398718775e+00
-1.460617095737121840e+00,-3.241376257559039686e+00
-3.149254198569687357e+00,-3.606916034406630889e+00
-2.818508973511143267e+00,-3.245095212749276481e+00
-4.490132635493920610e+00,-3.525608312501662844e+00
-3.415344743556061324e+00,-3.704335367063197992e+00
-4.198975751019802694e+00,-2.495109673746177759e+00
-1.910590568894636743e+00,-2.201496230022355949e+00
-1.184467943614376351e+00,-8.618246435033412034e-01
-2.706596273804285691e+00,-2.250089686334644234e+00
-1.212235742500519686e+00,-5.891121144814404076e-01
-2.686103292683786670e+00,-2.409557914703349901e+00
-3.124575962229561465e+00,-3.262602569667471197e+00
-4.784811374299440700e+00,-5.300449749867393479e+00
-3.707030796207547052e+00,-2.775346254330060436e+00
-2.920510558604319851e+00,-3.036728923880806619e+00
-2.404723960024484075e+00,-3.524029242963119479e+00
-3.219069864123067948e+00,-2.762881536282592698e+00
-3.005950868387130992e+00,-3.201498005767214217e+00
-2.235202344262633645e+00,-2.730249962399052599e+00
-4.053147597876431085e+00,-5.166910063630556493e+00
-2.948659600152511384e+00,-3.206397774076968687e+00
-5.021778261620888806e+00,-4.209210221638802096e+00
-4.353731047799985099e+00,-5.379748222082571196e+00
-3.723560668746140667e+00,-3.243711140588171116e+00
-4.380599320690544474e+00,-5.045766872624137811e+00
-2.808075796873031660e+00,-2.833388729604740419e+00
-2.712886106249989382e+00,-1.938658407362389369e+00
-3.194978390876738406e+00,-1.642161750009838661e+00
-4.759896010822126655e+00,-3.396854433419603136e+00
-3.424193357804053761e+00,-4.034985996656708096e+00
-2.592744995205083391e+00,-2.332174338953272752e+00
-4.357307028982578601e+00,-2.889137221707267500e+00
-2.077141868920683088e+00,-3.054580322954309146e+00
-3.919391857601944640e+00,-4.156443556274412643e+00
-4.591828536101203007e+00,-3.112144785020465765e+00
-3.511656321033905126e+00,-3.576017370805856022e+00
-3.249373599639211019e+00,-2.722943130960377101e+00
-3.728288942396645211e+00,-1.852951540829252730e+00
-1.310671669117969840e+00,-2.684419043575988262e+00
-1.463852722167391374e+00,-2.478963657961025469e+00
2.036277757953661727e-01,-1.477516960204009688e+00
-2.126341500555669839e+00,-2.403005574449250226e+00
-3.172082453798461987e+00,-4.007422717642181276e+00
-4.824402385025502227e+00,-2.818137057392090306e+00
-3.224864374034960068e+00,-1.995126167118144611e+00
-3.920063713341699341e+00,-2.123732330999363427e+00
-4.029665343325229188e+00,-4.772611406168605797e+00
-3.368209326780804425e+00,-2.461553946319257058e+00
-3.030059576238336216e+00,-3.045375293544649420e+00
-4.517035640351631187e+00,-4.453318839893878334e+00
-3.129260558572041440e+00,-2.844759537455541221e+00
-2.534035814635314132e+00,-2.726642945922136185e+00
-4.207365475942270727e+00,-3.431717961235083880e+00
-1.528144180145939890e+00,-2.892536108664799155e+00
-1.914299673565916793e+00,-2.328093240442210554e+00
-2.509542391792411120e+00,-3.301333028401703285e+00
-1.682825828627968479e+00,-3.290314777919509215e+00
-3.562123410425374281e+00,-3.376486679399415713e+00
-1.275350842425303499e+00,-1.913314188484584344e+00
-4.607540928715799566e+00,-4.531109797428118924e+00
-4.705034002325430897e+00,-4.288774575171714787e+00
-3.304048274618033965e+00,-3.116892052828339921e+00
-4.980509768277185501e+00,-4.108913424281304572e+00
-1.002347437113351614e+00,-2.717858545503197387e+00
-3.338623508718532307e-01,-2.596055445043831345e+00
-2.752104716053892730e+00,-3.543092106510129291e+00
-2.660074692815318720e+00,-3.301298129891533151e+00
-1.782870301833091808e+00,-2.597127067353222074e+00
-4.270299996085125116e+00,-3.110025108945686068e+00
-3.189262348717941453e+00,-3.836118741722998493e+00
-4.109718546633887470e+00,-3.185331054074084456e+00
-3.181891276848836547e+00,-3.550970908890706212e+00
-4.113043586533776441e+00,-3.380703091304753549e+00
1.080589902445846739e+00,-9.834936606194943920e-03
-5.815634132899059061e-01,-1.023218284432954484e+00
-3.175765481093503428e+00,-2.241419393376512303e+00
-2.576814247551409753e+00,-3.382619787298842606e+00
-3.141537019568604538e+00,-2.317480344042576856e+00
-2.998975624883731150e+00,-3.082436257454490125e+00
-4.091763517153562901e+00,-3.521911935257199922e+00
-3.435701448237358235e+00,-2.276777568453307588e+00
-5.339712609147525768e+00,-4.000414329391026591e+00
-3.092786859205015393e+00,-1.969775935266412814e+00
-4.862008217113369390e+00,-3.628475001488842722e+00
-1.371921252444321393e+00,-1.891587877400539019e+00
-1.924756851511885358e+00,-2.450992351292023308e+00
-3.362953781819503440e+00,-3.151547703952084500e+00
-2.759585320696242405e+00,-1.926560522021698807e+00
-9.027266007161012240e-01,-1.173304366926730014e+00
-5.677072777630947087e-01,-1.218786609603379922e+00
-2.064659110277880849e+00,-1.783802506584562630e+00
-3.199476372269545621e+00,-2.943313959600767138e+00
-1.385776016873658145e+00,-2.477927753610638995e+00
-3.474823637280028965e+00,-2.869468776536320487e+00
-7.103966169129600772e+00,-5.374474531747149619e+00
-3.837521903213600538e+00,-4.648795717771110780e+00
-1.054053631699875204e+00,-2.055621076342822207e+00
-1.834842562568734570e+00,-1.199960830184000793e+00
-2.884480527133160166e+00,-1.924391116049447348e+00
-5.060280490594360359e+00,-4.242242083714055312e+00
-3.672440285000968085e+00,-3.456349604716133506e+00
-3.898142240257911784e+00,-3.203914020327914614e+00
-2.993885583432827069e+00,-2.629338915841279434e+00
-5.604137406978725089e+00,-4.091408814844834652e+00
-3.488964772787936486e+00,-3.211546485647560623e+00
-1.272386031857471567e+00,-2.678650718331258229e+00
-3.000119935746255351e+00,-3.994995013460976185e+00
-2.361628823058578686e+00,-1.674392426316233085e+00
-5.093409204255790357e+00,-5.504185980174456816e+00
-5.170190583260701800e+00,-4.494870452868136468e+00
-2.942497596917217351e+00,-3.046859933292425549e+00
-3.964875615005720721e+00,-4.764371330942533511e+00
-3.320848409931205669e+00,-3.884783604421054193e+00
-4.286907929840546139e+00,-2.674445689212374688e+00
-3.120995956348364686e+00,-2.802940031497298090e+00
-3.303895986040435773e+00,-3.768756731044904384e+00
-5.635058215984715346e+00,-3.388733785487339389e+00
-3.989733825775394038e+00,-3.558444161107860548e+00
-2.160698690370424835e+00,-2.936455054344004001e+00
-5.814335847128672796e+00,-3.711722528489592943e+00
-2.399026930029949600e+00,-3.776464937535247035e+00
1.249956597646193046e+00,-1.160537916599605923e+00
-3.275327904095515219e+00,-2.152501850748693712e+00
-2.267096660217919002e+00,-2.180270927720552976e+00
-4.835438695742904081e+00,-4.040976397646800500e+00
-2.378694285302269229e+00,-3.566884303108355692e+00
-1.480133692791429034e+00,-1.758356883498735090e+00
-2.763287342126711010e+00,-2.764679318579324363e+00
-3.150721289647014256e+00,-2.610621983249321598e+00
-1.810933672912500514e+00,-2.508930204120505714e+00
-5.350004668273802722e+00,-5.033461401560574977e+00
-2.420941319627265997e+00,-3.070336558477240629e+00
-3.944384428618608940e+00,-2.840850172772116267e+00
-2.174095518947144701e+00,-2.803003825252456949e+00
-2.788168194297498736e+00,-2.484133967709049706e+00
-1.860152875604537570e+00,-2.568686639250342907e+00
7.140009253594770122e-01,-1.708517706136559289e+00
-3.136968201560747627e+00,-2.432314497738049752e+00
-3.049125460134915144e+00,-3.828663216275963954e+00
-1.129469673827588894e+00,-1.717036165151575977e+00
-1.071451566858280025e+00,-1.033650353828782675e+00
-2.565695585086909869e+00,-3.899371561923465013e+00
-1.435135558858054550e+00,-2.559103564525246011e+00
-1.451683227446028290e+00,-3.125587303561980335e+00
-1.573754772498357601e+00,-2.615778809880726641e+00
-2.387494469626363358e+00,-1.801942306172318764e+00
-2.821554259203143733e+00,-3.611358076756538971e+00
-2.253647446487805350e+00,-3.177764391344859440e+00
-2.871546426603084790e+00,-2.284516692249153991e+00
-4.089857783109350109e+00,-2.012982692425748787e+00
-3.220574861573816339e+00,-3.800088026367007821e+00
-4.465403425188505970e+00,-3.121053167422366492e+00
-4.150451226934013249e+00,-4.506030548909349065e+00
-3.164542529082141176e+00,-2.279383355226793029e+00
-5.188991778267815214e-01,-1.829442878462842925e+00
-7.329783323253171723e-01,-2.276455488516493375e+00
-2.012807049819753225e+00,-1.481289035750977812e+00
-2.396664855858202881e+00,-3.254382920948649005e+00
-1.620641446762289606e+00,-2.044582311325100044e+00
-3.421389361388524897e+00,-2.283905753833264995e+00
-3.222994640995882509e+00,-4.178080244712367275e+00
-2.481969961315497297e+00,-1.902386640830459719e+00
-2.708749667936623862e+00,-1.559756942573311989e+00
-1.674387640008971667e+00,-1.764698552530701292e+00
-1.649060986874835377e+00,-2.535316309310482019e+00
-4.470781294836104536e+00,-4.001312527941458086e+00
-4.273402399671351048e+00,-3.443140219042013062e+00
-3.749017253575240183e+00,-4.108224629096224767e+00
-2.832877036072082966e+00,-2.588474758324025515e+00
-2.360808107920479237e+00,-1.421056604566640846e+00
-1.832760303607052110e+00,-2.496571551810086831e+00
-9.181872958399459606e-01,-3.270573450630552603e+00
-5.406852421724810398e+00,-4.635977530318395878e+00
-2.318931677019103965e+00,-2.723451570995958360e+00
-4.640692954934897863e+00,-4.715195006070066697e+00
-3.797647775186469676e+00,-3.800873621556073889e+00
-2.363001404123435734e+00,-2.194321309711710022e+00
-4.193219268277363021e+00,-4.110822412472472820e+00
-1.561907681967081629e+00,-2.960607848235194961e+00
-4.331930630608213484e+00,-4.241126345089632821e+00
-9.130111189009690875e-01,-6.857797463407853122e-01
-1.367812226968557976e+00,-1.424941255383209704e+00
-3.346017267745830193e+00,-3.004667626187851326e+00
-2.314464302492665215e+00,-2.310697894710322053e+00
-8.955629548028074538e-01,-1.272151946351731455e+00
-5.430278319606324899e+00,-3.859711248795071992e+00
9.944735124127923598e-02,-1.799505887189004838e+00
-2.899737985843134247e+00,-2.584254006959358030e+00
-2.692950119366511963e+00,-3.168573965186781916e+00
-4.197616419009415623e+00,-2.894361885217762165e+00
-2.917118399360471237e+00,-2.419177805174092200e+00
8.543740826064474270e-01,-1.299006251004710677e+00
-2.399080219206316755e+00,-2.983575288082458421e+00
-3.787444969549603968e+00,-2.750134869905576540e+00
-3.495196775817182910e+00,-3.758121705812627500e+00
-1.085058144030746075e+00,-1.411842726357528388e+00
-6.821514446407270782e-01,-1.093031453245267404e+00
-2.358570143325874557e+00,-3.457868671830210516e+00
-3.394441269000135097e+00,-3.245867721704397191e+00
-2.922262339768475048e+00,-3.013147290546984713e+00
-3.877792219641652327e+00,-2.870864795510855494e+00
-4.012394189208683848e+00,-2.890336212532228277e+00
-3.465116200997966800e+00,-2.111578092033624898e+00
-3.609408334814823149e+00,-3.771651898730183028e+00
-1.561250055972956519e+00,-1.961283503238896886e+00
-8.854583734439183118e-01,-2.400340440330198000e+00
-3.131560530454730706e+00,-3.522964961363403091e+00
-1.704198779366875804e+00,-2.224198390123294011e+00
-3.033153017395815887e+00,-3.170036864612171712e+00
-2.758041502278112844e+00,-2.229527135880867483e+00
-3.398715270881221162e+00,-3.408748161614559624e+00
-6.454827904594191423e+00,-4.994374070165149782e+00
-4.375797622744029169e+00,-4.257866248675444609e+00
-8.668154350397405672e-01,-2.256864215018220321e+00
-2.469758390969361450e+00,-3.033099647494731599e+00
-4.800374055189662315e+00,-4.199907338882996832e+00
-3.620054776671351782e+00,-3.416985463478368512e+00
-2.415609308033502156e+00,-2.611220969986991491e+00
-5.109667830599863514e+00,-4.861793735501593439e+00
-3.722301824793197600e+00,-4.191844980206295368e+00
-2.368542728880159931e+00,-2.607134592492074354e+00
-3.931114476067965935e+00,-2.497904370901836479e+00
-2.656959831145781159e+00,-3.400912131578977426e+00
-3.776380075564386374e+00,-3.744414128479884862e+00
-3.290754039230182393e+00,-3.264136423643281493e+00
-4.902175436516102991e-01,-1.079568162323984559e+00
-4.104009317416934088e+00,-3.009097511231480837e+00
-5.089811639691289358e+00,-5.159868340215265192e+00
-3.843899514076413393e+00,-3.224188361229278321e+00
-2.552210759623738223e+00,-2.434736460734056251e+00
-3.291730655794436355e+00,-4.065725091512145895e+00
-3.040625375175776135e+00,-3.692062501018186005e+00
-1.526146952511894916e+00,-3.378536306821306567e+00
-2.282330459543795431e+00,-2.704358581587636312e+00
-3.757105454894277941e+00,-3.467263069193968317e+00
-1.157351357833029670e+00,-1.234793281053364611e+00
-2.995460739227421065e+00,-2.642372579184513182e+00
-4.791729312672543095e+00,-3.073766763202725461e+00
-5.675925574578277732e+00,-4.706297486799750018e+00
-3.077845304562339290e+00,-3.831586237108754567e+00
-4.076174012245212808e+00,-4.525983236757872064e+00
-7.850929824802888035e-01,-1.027801433711878154e+00
-2.534606256731405161e+00,-2.147406088526698564e+00
-3.032046603333224954e+00,-4.204072136814123617e+00
1.099625013086021674e+00,-1.263020206331445960e+00
-2.625719388988568603e+00,-3.656354327931120807e+00
-1.627512363728374378e+00,-3.211738478263300944e+00
-3.263328085173730742e+00,-3.096756808192390409e+00
-2.791353928933055784e+00,-1.856022280656444812e+00
-5.245094333359205052e+00,-3.976853943636424304e+00
-1.638918977825980505e-01,-2.049793169274062077e+00
-3.356136088940463225e+00,-3.676778020933498148e+00
-2.621668372548266568e+00,-2.113040151757364260e+00
-4.130153527914609768e+00,-2.743684208224191678e+00
-2.856081909861016399e+00,-1.911893975149413283e+00
-2.724518089424484035e+00,-1.740298478010629646e+00
-2.866072324397335169e+00,-3.542425071481551502e+00
-6.568646683782954909e-01,-1.770895182580273008e+00
-2.925997194353048947e+00,-2.331135898493058800e+00
-2.707279564237864200e+00,-3.133269044404062953e+00
-4.409364327441963383e+00,-4.034381115078737423e+00
-2.393572937185239891e+00,-2.207729648098541553e+00
-2.539867087198019124e+00,-2.236974447065986471e+00
-2.105970249318668053e+00,-2.609448555562651428e+00
